Time,Country Code,Value,Women's share of population ages 15+ living with HIV (%) ,"Employers, female (% of female employment) (modeled ILO estimate) ","Self-employed, male (% of male employment) (modeled ILO estimate) ","Self-employed, total (% of total employment) (modeled ILO estimate) ","Labor force with intermediate education, female (% of female working-age population with intermediate education) ",Agricultural land (% of land area),"Government expenditure on education, total (% of GDP) ","Female share of graduates in Arts and Humanities programmes, tertiary (%) ","Labor force participation rate, total (% of total population ages 15-64) (modeled ILO estimate) ",Adjusted savings: natural resources depletion (% of GNI),Scientific and technical journal articles,Female share of employment in senior and middle management (%) 
2000,CHE,23.0,26.8,3.70000004768372,19.5900001525879,17.3700008392334,63.6399993896484,39.6214958000202,4.64836978912354,59.44852,80.56,0.0154861556784356,12621.43,22.5
2001,CHE,20.48997134670487,24.9676217765043,2.0876790879449056,16.903209147958837,13.449885398405671,61.933324021391336,44.99721226486867,5.212867775072683,63.22732481375358,73.84163323782236,0.24441431549743184,16434.599627507163,31.514326562854137
2002,CHE,22.0,27.0,3.63000011444092,19.1800003051758,16.9500007629395,63.4799995422363,39.4590354739133,5.16421985626221,56.27549,81.22,3.60653545195319e-05,12478.85,24.7999992370605
2003,CHE,20.48997134670487,24.9676217765043,2.0876790879449056,16.903209147958837,13.449885398405671,61.933324021391336,44.99721226486867,5.212867775072683,63.22732481375358,73.84163323782236,0.24441431549743184,16434.599627507163,31.514326562854137
2004,CHE,22.0,27.1,3.25,18.7800006866455,16.2299995422363,62.3600006103516,39.3016194331984,5.29307985305786,59.01149,80.93,0.00212647235380907,14175.81,24.7999992370605
2005,CHE,20.48997134670487,24.9676217765043,2.0876790879449056,16.903209147958837,13.449885398405671,61.933324021391336,44.99721226486867,5.212867775072683,63.22732481375358,73.84163323782236,0.24441431549743184,16434.599627507163,31.514326562854137
2006,CHE,21.0,27.1,3.11999988555908,17.9300003051758,15.9200000762939,62.7000007629395,39.1426474681783,4.81757020950317,60.0225,81.29,0.00403760087326581,16469.77,26.5
2007,CHE,58.0,27.1,3.3199999332428,17.9799995422363,16.1499996185303,62.4000015258789,39.0601275432736,4.55798006057739,61.16029,81.68,0.0037998542363701,16882.92,25.7999992370605
2008,CHE,56.0,27.1,3.27999997138977,18.1399993896484,15.8800001144409,63.1599998474121,38.9867395485373,4.73192977905273,60.71047,82.35,0.00162593435976409,17350.51,25.0
2008,CHE,21.0,27.1,3.27999997138977,18.1399993896484,15.8800001144409,63.1599998474121,38.9867395485373,4.73192977905273,60.71047,82.35,0.00162593435976409,17350.51,25.0
2009,CHE,51.0,27.1,3.19000005722046,17.2199993133545,15.25,62.5800018310547,38.9082903127847,4.89041996002197,60.90367,82.49,0.000151218100117417,17905.64,27.8999996185303
2010,CHE,50.0,27.1,3.5,17.9099998474121,15.7299995422363,61.8699989318848,38.8349023180484,4.76562976837158,61.39002,81.27,0.000268823061227591,18709.05,28.1000003814697
2010,CHE,20.0,27.1,3.5,17.9099998474121,15.7299995422363,61.8699989318848,38.8349023180484,4.76562976837158,61.39002,81.27,0.000268823061227591,18709.05,28.1000003814697
2011,CHE,49.0,27.2,3.21000003814697,17.4699993133545,15.3999996185303,61.7900009155273,38.7589837028039,4.815269947052,61.21809,82.0,0.000595015970073299,19755.56,28.6000003814697
2012,CHE,50.0,27.2,3.29999995231628,17.3299999237061,15.3100004196167,61.7999992370605,38.6855957080676,4.85834980010986,55.15012,82.22,0.000722811992003585,20769.07,28.6000003814697
2012,CHE,19.0,27.2,3.29999995231628,17.3299999237061,15.3100004196167,61.7999992370605,38.6855957080676,4.85834980010986,55.15012,82.22,0.000722811992003585,20769.07,28.6000003814697
2013,CHE,44.0,27.2,3.4300000667572,17.3400001525879,15.3299999237061,61.0200004577637,38.5889133515538,4.8690299987793,61.39997,82.38,0.00143224528624296,21302.67,28.1000003814697
2014,CHE,42.0,27.2,3.35999989509583,17.2000007629395,15.2700004577637,62.5800018310547,38.5135818402672,4.87779998779297,61.17314,82.92,0.00262984910223441,21788.24,28.8999996185303
2014,CHE,16.0,27.2,3.35999989509583,17.2000007629395,15.2700004577637,62.5800018310547,38.5135818402672,4.87779998779297,61.17314,82.92,0.00262984910223441,21788.24,28.8999996185303
2015,CHE,41.0,27.3,3.32999992370605,16.4200000762939,14.8699998855591,62.310001373291,38.4384160048466,4.93844985961914,61.29948,83.38,0.00191465723362187,21848.15,31.2000007629395
2016,CHE,44.0,27.3,3.45000004768372,16.8500003814697,15.0600004196167,62.4900016784668,38.3634970415803,4.92645978927612,62.36251,83.93,0.00168847592223966,21982.57,31.2000007629395
2016,CHE,14.0,27.3,3.45000004768372,16.8500003814697,15.0600004196167,62.4900016784668,38.3634970415803,4.92645978927612,62.36251,83.93,0.00168847592223966,21982.57,31.2000007629395
2017,CHE,44.0,27.4,3.33999991416931,16.6299991607666,14.8599996566772,61.9599990844727,38.2882339141862,4.9515700340271,61.05755,83.96,0.00163533428789164,22442.37,29.1000003814697
2018,CHE,40.0,27.4,3.11999988555908,16.5900001525879,14.75,61.8300018310547,38.2142538104157,4.86325979232788,55.15012,84.17,0.00326582027141759,22189.21,31.0
2018,CHE,15.0,27.4,3.11999988555908,16.5900001525879,14.75,61.8300018310547,38.2142538104157,4.86325979232788,55.15012,84.17,0.00326582027141759,22189.21,31.0
2019,CHE,37.0,27.4,3.05999994277954,16.0300006866455,14.3699998855591,62.1599998474121,38.1403673395328,5.09326410293579,55.15012,84.21,0.00151943020124027,22336.94,32.5999984741211
2020,CHE,13.0,27.5,1.70000004768372,13.8599996566772,7.01999998092651,60.8800010681152,38.0659114794679,5.21999979019165,55.15012,71.93,0.00145849357014749,23075.04,31.7999992370605
2021,CHE,20.48997134670487,24.9676217765043,2.0876790879449056,16.903209147958837,13.449885398405671,61.933324021391336,44.99721226486867,5.212867775072683,63.22732481375358,73.84163323782236,0.24441431549743184,16434.599627507163,31.514326562854137
2000,ISR,20.48997134670487,24.9676217765043,2.0876790879449056,16.903209147958837,13.449885398405671,61.933324021391336,44.99721226486867,5.212867775072683,63.22732481375358,73.84163323782236,0.24441431549743184,16434.599627507163,31.514326562854137
2001,ISR,27.0,24.9,1.29999995231628,15.539999961853,11.3599996566772,58.9300003051758,25.9242144177449,6.3739800453186,55.15012,69.43,0.0003901762610749,9369.95,34.2999992370605
2002,ISR,24.0,25.1,1.41999995708466,15.5699996948242,11.4300003051758,58.9300003051758,26.0166358595194,6.46506023406982,55.15012,68.55,0.00036108310279507,9681.29,34.2999992370605
2003,ISR,25.0,25.3,1.57000005245209,16.1100006103516,11.8599996566772,58.9300003051758,25.4621072088725,6.34549999237061,55.15012,68.93,0.000202669992855801,9869.05,34.2999992370605
2004,ISR,25.0,25.4,1.73000001907349,15.460000038147,11.5,58.9300003051758,23.7292051756007,5.94027996063232,55.15012,69.48,0.0189009005125672,10407.28,34.2999992370605
2005,ISR,21.0,25.6,1.49000000953674,16.0599994659424,11.8299999237061,58.9300003051758,23.775415896488,5.75459003448486,55.15012,69.85,0.0374920314243268,10496.29,34.2999992370605
2006,ISR,21.0,25.7,1.45000004768372,15.8299999237061,11.9899997711182,58.9300003051758,23.5120147874307,5.75635004043579,55.15012,70.4,0.0701870058209605,11141.79,34.2999992370605
2007,ISR,20.0,25.8,1.6599999666214,15.3500003814697,11.5699996948242,58.9300003051758,23.9417744916821,5.49595022201538,55.15012,71.08,0.085163452253438,11168.62,34.2999992370605
2008,ISR,22.0,25.9,1.71000003814697,15.7200002670288,11.710000038147,58.9300003051758,23.826247689464,5.5199499130249,55.15012,71.04,0.20044002541275,11351.67,34.2999992370605
2009,ISR,21.0,26.0,1.6599999666214,16.2099990844727,12.1099996566772,55.5200004577637,24.1497227356747,5.48171997070313,55.15012,71.0,0.133051053558854,11158.39,34.2999992370605
2010,ISR,20.0,26.1,1.50999999046326,16.25,12.1199998855591,55.4599990844727,23.3133086876155,5.51981019973755,55.15012,71.34,0.0706744923094515,10885.13,34.2999992370605
2011,ISR,19.0,26.2,1.70000004768372,15.789999961853,12.0600004196167,54.5699996948242,23.8909426987061,5.54936981201172,55.15012,71.07,0.126104492063989,11245.0,34.2999992370605
2012,ISR,20.0,26.3,1.62000000476837,15.3000001907349,11.8900003433228,66.0899963378906,24.3160813308688,5.67253017425537,55.15012,71.65,0.13005147833958,11528.17,31.7000007629395
2013,ISR,20.0,26.4,1.58000004291534,14.7600002288818,11.6300001144409,65.6999969482422,24.043438077634,5.85425996780396,55.15012,71.81,0.15049855968115,11289.65,32.5
2014,ISR,20.0,26.5,1.49000000953674,14.710000038147,11.7200002670288,66.120002746582,24.8475046210721,5.76681995391846,55.15012,72.38,0.144510925973394,11986.41,32.4000015258789
2015,ISR,20.0,26.5,1.5,15.1599998474121,11.9899997711182,65.9000015258789,24.6719038817006,5.86211013793945,55.15012,72.43,0.142637291798213,12046.16,31.8999996185303
2016,ISR,21.0,26.5,1.50999999046326,15.3299999237061,12.1499996185303,65.2399978637695,25.5083179297597,5.85578012466431,55.15012,72.4,0.132239295179646,12252.68,34.2999992370605
2017,ISR,21.0,26.6,1.62000000476837,14.8699998855591,11.8800001144409,65.5100021362305,29.7597042513863,6.05790996551514,55.15012,72.46,0.0790923283309165,12322.35,34.7999992370605
2018,ISR,22.0,26.6,1.78999996185303,15.1599998474121,12.3999996185303,65.8600006103516,29.6349353049908,6.11233997344971,55.15012,72.41,0.124775928068988,12459.05,33.4000015258789
2019,ISR,24.0,26.6,1.76999998092651,14.9099998474121,12.3100004196167,64.620002746582,29.5009242144177,6.12578010559082,55.15012,72.18,0.0742350993525232,13090.78,30.7999992370605
2020,ISR,20.48997134670487,24.9676217765043,2.0876790879449056,16.903209147958837,13.449885398405671,61.933324021391336,44.99721226486867,5.212867775072683,63.22732481375358,73.84163323782236,0.24441431549743184,16434.599627507163,31.514326562854137
2021,ISR,20.48997134670487,24.9676217765043,2.0876790879449056,16.903209147958837,13.449885398405671,61.933324021391336,44.99721226486867,5.212867775072683,63.22732481375358,73.84163323782236,0.24441431549743184,16434.599627507163,31.514326562854137
2000,POL,20.48997134670487,24.9676217765043,2.0876790879449056,16.903209147958837,13.449885398405671,61.933324021391336,44.99721226486867,5.212867775072683,63.22732481375358,73.84163323782236,0.24441431549743184,16434.599627507163,31.514326562854137
2001,POL,14.0,24.7,2.47000002861023,29.7099990844727,27.9500007629395,64.9300003051758,58.0756799111953,5.31902980804443,55.15012,65.42,0.17419478629144,14359.62,27.7000007629395
2002,POL,11.0,25.2,2.49000000953674,30.5599994659424,28.2199993133545,63.0299987792969,55.1732018675112,5.38735008239746,55.15012,64.47,0.127299920482743,15613.41,29.2999992370605
2003,POL,20.48997134670487,24.9676217765043,2.0876790879449056,16.903209147958837,13.449885398405671,61.933324021391336,44.99721226486867,5.212867775072683,63.22732481375358,73.84163323782236,0.24441431549743184,16434.599627507163,31.514326562854137
2004,POL,53.0,25.9,2.75999999046326,28.7399997711182,26.5,59.1300010681152,53.2987301276401,5.35557985305786,55.15012,63.67,0.34408169967804,18877.97,35.2999992370605
2004,POL,10.0,25.9,2.75999999046326,28.7399997711182,26.5,59.1300010681152,53.2987301276401,5.35557985305786,55.15012,63.67,0.34408169967804,18877.97,35.2999992370605
2005,POL,54.0,26.1,2.75999999046326,27.8899993896484,25.75,58.0499992370605,51.9243952600137,5.42574977874756,77.31263,64.27,0.282592188889954,20341.91,34.0999984741211
2006,POL,53.0,26.1,2.75999999046326,26.5699996948242,24.4300003051758,54.2299995422363,52.0925829198224,5.20765018463135,77.2173,63.35,0.50528123820941,22113.06,36.0999984741211
2006,POL,11.0,26.1,2.75999999046326,26.5699996948242,24.4300003051758,54.2299995422363,52.0925829198224,5.20765018463135,77.2173,63.35,0.50528123820941,22113.06,36.0999984741211
2007,POL,56.0,25.9,2.75999999046326,25.5100002288818,23.4599990844727,53.2400016784668,50.49947767041,4.86874008178711,77.07259,63.18,0.409548230905951,21937.95,37.0999984741211
2008,POL,58.0,25.7,2.72000002861023,24.9400005340576,22.9200000762939,53.2000007629395,50.9337251061051,5.04239988327026,76.74014,63.85,0.445552171439196,23784.03,36.2000007629395
2008,POL,12.0,25.7,2.72000002861023,24.9400005340576,22.9200000762939,53.2000007629395,50.9337251061051,5.04239988327026,76.74014,63.85,0.445552171439196,23784.03,36.2000007629395
2009,POL,61.0,25.4,2.6800000667572,24.8899993896484,22.7399997711182,52.75,50.9958208175526,4.98976993560791,76.05081,64.68,0.296050980474294,23693.13,36.0
2010,POL,61.0,25.1,2.72000002861023,25.3199996948242,22.9799995422363,52.6300010681152,47.1757868616952,5.0630202293396,76.12614,65.58,1.19079083183441,24675.84,37.5
2010,POL,7.0,25.1,2.72000002861023,25.3199996948242,22.9799995422363,52.6300010681152,47.1757868616952,5.0630202293396,76.12614,65.58,1.19079083183441,24675.84,37.5
2011,POL,61.0,24.7,2.88000011444092,25.3099994659424,22.8700008392334,52.0900001525879,48.2611109296934,4.82496976852417,76.20649,65.98,1.61743994539105,25560.97,35.9000015258789
2012,POL,61.0,24.3,2.85999989509583,24.9799995422363,22.3899993896484,51.75,47.4462804519626,4.82954978942871,75.95283,66.71,0.443193940202461,27660.19,35.0
2012,POL,10.0,24.3,2.85999989509583,24.9799995422363,22.3899993896484,51.75,47.4462804519626,4.82954978942871,75.95283,66.71,0.443193940202461,27660.19,35.0
2013,POL,60.0,23.7,2.84999990463257,24.5499992370605,21.8299999237061,50.939998626709,47.059207733255,4.97062015533447,75.70975,67.21,0.340743490926348,29438.53,35.5
2014,POL,58.0,23.1,2.77999997138977,24.2700004577637,21.3500003814697,50.5400009155273,47.1080048336001,4.93554019927979,75.73776,68.08,0.26892380970956,30848.34,36.4000015258789
2014,POL,11.0,23.1,2.77999997138977,24.2700004577637,21.3500003814697,50.5400009155273,47.1080048336001,4.93554019927979,75.73776,68.08,0.26892380970956,30848.34,36.4000015258789
2015,POL,57.0,22.5,2.58999991416931,24.1499996185303,21.2299995422363,49.5400009155273,46.9349096965936,4.80993986129761,75.73683,68.38,0.202021645110496,32470.81,37.4000015258789
2016,POL,53.0,22.0,2.55999994277954,23.8600006103516,20.7199993133545,48.9500007629395,46.9447075345374,4.63339996337891,75.56883,69.1,0.17697469747851,33912.65,38.0999984741211
2016,POL,9.0,22.0,2.55999994277954,23.8600006103516,20.7199993133545,48.9500007629395,46.9447075345374,4.63339996337891,75.56883,69.1,0.17697469747851,33912.65,38.0999984741211
2017,POL,50.0,21.6,2.49000000953674,23.8999996185303,20.4200000762939,48.2099990844727,47.2321107808877,4.5584602355957,75.20703,69.85,0.240568821371575,33576.35,38.2000007629395
2018,POL,49.0,21.1,2.71000003814697,23.7000007629395,20.2700004577637,47.2200012207031,47.39850409903,4.61579990386963,55.15012,70.41,0.283466956224099,34972.82,39.5
2018,POL,11.0,21.1,2.71000003814697,23.7000007629395,20.2700004577637,47.2200012207031,47.39850409903,4.61579990386963,55.15012,70.41,0.283466956224099,34972.82,39.5
2019,POL,49.0,20.5,2.70000004768372,23.4699993133545,20.0100002288818,45.8300018310547,47.4437293783281,4.6692099571228,55.15012,70.85,0.180124336724235,34816.33,41.2000007629395
2020,POL,8.0,19.9,1.70000004768372,13.8599996566772,7.01999998092651,44.560001373291,47.238101460164,5.19000005722046,55.15012,71.93,0.1117856615611,36766.63,41.4000015258789
2021,POL,20.48997134670487,24.9676217765043,2.0876790879449056,16.903209147958837,13.449885398405671,61.933324021391336,44.99721226486867,5.212867775072683,63.22732481375358,73.84163323782236,0.24441431549743184,16434.599627507163,31.514326562854137
2000,DNK,20.48997134670487,24.9676217765043,2.0876790879449056,16.903209147958837,13.449885398405671,61.933324021391336,44.99721226486867,5.212867775072683,63.22732481375358,73.84163323782236,0.24441431549743184,16434.599627507163,31.514326562854137
2001,DNK,20.48997134670487,24.9676217765043,2.0876790879449056,16.903209147958837,13.449885398405671,61.933324021391336,44.99721226486867,5.212867775072683,63.22732481375358,73.84163323782236,0.24441431549743184,16434.599627507163,31.514326562854137
2002,DNK,10.0,26.1,1.76999998092651,12.0900001525879,8.86999988555908,73.0400009155273,66.625,8.2130298614502,68.6243,79.82,0.993663713452861,7190.23,18.0
2003,DNK,9.0,26.2,2.01999998092651,12.039999961853,9.13000011444092,71.2600021362305,66.45,8.12193012237549,66.74641,79.18,0.924501128257662,7483.65,20.0
2003,DNK,9.0,26.2,2.01999998092651,12.039999961853,9.13000011444092,71.2600021362305,66.45,8.12193012237549,66.74641,79.18,0.924501128257662,7483.65,20.0
2004,DNK,6.0,26.3,1.29999995231628,11.9099998474121,8.77000045776367,70.3399963378906,66.15,8.2076301574707,67.31407,79.98,1.10381722943691,7880.22,18.8999996185303
2004,DNK,10.0,26.3,1.29999995231628,11.9099998474121,8.77000045776367,70.3399963378906,66.15,8.2076301574707,67.31407,79.98,1.10381722943691,7880.22,18.8999996185303
2005,DNK,12.0,26.3,1.29999995231628,11.9200000762939,8.89000034332275,71.0999984741211,67.675,8.08557033538818,66.00596,79.7,1.45107255630013,8399.92,20.6000003814697
2005,DNK,10.0,26.3,1.29999995231628,11.9200000762939,8.89000034332275,71.0999984741211,67.675,8.08557033538818,66.00596,79.7,1.45107255630013,8399.92,20.6000003814697
2006,DNK,12.0,26.3,1.78999996185303,11.9099998474121,9.0600004196167,67.4499969482422,67.75,7.72990989685059,65.06776,80.52,1.52770334541223,8612.3,19.2000007629395
2006,DNK,10.0,26.3,1.78999996185303,11.9099998474121,9.0600004196167,67.4499969482422,67.75,7.72990989685059,65.06776,80.52,1.52770334541223,8612.3,19.2000007629395
2007,DNK,17.0,26.3,1.6599999666214,12.2600002288818,9.01000022888184,71.7799987792969,66.575,7.61560010910034,65.45748,80.23,1.35721055083118,8966.09,25.2999992370605
2007,DNK,9.0,26.3,1.6599999666214,12.2600002288818,9.01000022888184,71.7799987792969,66.575,7.61560010910034,65.45748,80.23,1.35721055083118,8966.09,25.2999992370605
2008,DNK,11.0,26.2,1.75,12.6000003814697,9.17000007629395,68.620002746582,66.7,7.47604990005493,65.84839,79.45,1.8417404976907,9264.81,18.2999992370605
2008,DNK,10.0,26.2,1.75,12.6000003814697,9.17000007629395,68.620002746582,66.7,7.47604990005493,65.84839,79.45,1.8417404976907,9264.81,18.2999992370605
2009,DNK,15.0,26.2,1.75999999046326,13.25,9.65999984741211,66.6600036621094,65.85,8.44888019561768,64.72127,78.72,0.995777560180507,9711.66,18.7999992370605
2009,DNK,10.0,26.2,1.75999999046326,13.25,9.65999984741211,66.6600036621094,65.85,8.44888019561768,64.72127,78.72,0.995777560180507,9711.66,18.7999992370605
2010,DNK,15.0,26.1,1.62000000476837,12.5500001907349,9.14999961853027,67.0100021362305,65.65,8.55955028533936,65.3932,77.94,1.01593477645678,10233.42,17.7000007629395
2010,DNK,8.0,26.1,1.62000000476837,12.5500001907349,9.14999961853027,67.0100021362305,65.65,8.55955028533936,65.3932,77.94,1.01593477645678,10233.42,17.7000007629395
2011,DNK,19.0,26.0,1.71000003814697,12.4799995422363,9.10000038146973,66.1800003051758,67.25,8.48486042022705,64.91255,77.56,1.35863638755882,11366.19,28.5
2011,DNK,7.0,26.0,1.71000003814697,12.4799995422363,9.10000038146973,66.1800003051758,67.25,8.48486042022705,64.91255,77.56,1.35863638755882,11366.19,28.5
2012,DNK,21.0,26.0,1.58000004291534,12.6099996566772,9.27000045776367,64.6500015258789,65.6,7.23782014846802,65.99528,76.9,1.26521746957683,12269.14,24.5
2012,DNK,6.0,26.0,1.58000004291534,12.6099996566772,9.27000045776367,64.6500015258789,65.6,7.23782014846802,65.99528,76.9,1.26521746957683,12269.14,24.5
2013,DNK,-8.0,26.0,1.73000001907349,12.3100004196167,9.13000011444092,64.4400024414063,65.7,8.49442958831787,66.7772,76.3,0.954891065682306,12804.85,23.7000007629395
2013,DNK,6.0,26.0,1.73000001907349,12.3100004196167,9.13000011444092,64.4400024414063,65.7,8.49442958831787,66.7772,76.3,0.954891065682306,12804.85,23.7000007629395
2014,DNK,5.0,25.9,1.70000004768372,12.0200004577637,8.97000026702881,63.2900009155273,66.315775,7.634850025177,67.80689,76.42,0.797731914194824,14024.94,23.3999996185303
2014,DNK,6.0,25.9,1.70000004768372,12.0200004577637,8.97000026702881,63.2900009155273,66.315775,7.634850025177,67.80689,76.42,0.797731914194824,14024.94,23.3999996185303
2015,DNK,0.0,25.9,1.78999996185303,11.8900003433228,8.86999988555908,62.3600006103516,65.847475,7.01041460037231,64.5522,76.86,0.439260844554109,14105.29,26.2000007629395
2015,DNK,5.0,25.9,1.78999996185303,11.8900003433228,8.86999988555908,62.3600006103516,65.847475,7.01041460037231,64.5522,76.86,0.439260844554109,14105.29,26.2000007629395
2016,DNK,8.0,25.9,1.82000005245209,11.5799999237061,8.78999996185303,62.3300018310547,65.6275,7.4769401550293,65.56574,77.43,0.287534744912893,14186.1,28.0
2016,DNK,5.0,25.9,1.82000005245209,11.5799999237061,8.78999996185303,62.3300018310547,65.6275,7.4769401550293,65.56574,77.43,0.287534744912893,14186.1,28.0
2017,DNK,2.0,25.9,1.50999999046326,11.1000003814697,8.34000015258789,62.3800010681152,65.7825,7.75243997573853,65.20967,77.89,0.395815903926038,14405.93,27.0
2017,DNK,5.0,25.9,1.50999999046326,11.1000003814697,8.34000015258789,62.3800010681152,65.7825,7.75243997573853,65.20967,77.89,0.395815903926038,14405.93,27.0
2018,DNK,8.0,25.9,1.55999994277954,10.8500003814697,8.14000034332275,62.4700012207031,65.8125,6.79277992248535,55.15012,78.2,0.476981359246903,14500.93,26.2999992370605
2018,DNK,4.0,25.9,1.55999994277954,10.8500003814697,8.14000034332275,62.4700012207031,65.8125,6.79277992248535,55.15012,78.2,0.476981359246903,14500.93,26.2999992370605
2019,DNK,-2.0,25.9,1.70000004768372,10.9899997711182,8.34000015258789,62.2000007629395,65.649125,6.88857984542847,55.15012,79.01,0.351826481931893,14532.28,26.6000003814697
2019,DNK,5.0,25.9,1.70000004768372,10.9899997711182,8.34000015258789,62.2000007629395,65.649125,6.88857984542847,55.15012,79.01,0.351826481931893,14532.28,26.6000003814697
2020,DNK,-1.0,25.9,1.70000004768372,13.8599996566772,7.01999998092651,61.0200004577637,65.499675,6.38000011444092,55.15012,71.93,0.113631700049912,15318.52,28.0
2020,DNK,4.0,25.9,1.70000004768372,13.8599996566772,7.01999998092651,61.0200004577637,65.499675,6.38000011444092,55.15012,71.93,0.113631700049912,15318.52,28.0
2021,DNK,20.48997134670487,24.9676217765043,2.0876790879449056,16.903209147958837,13.449885398405671,61.933324021391336,44.99721226486867,5.212867775072683,63.22732481375358,73.84163323782236,0.24441431549743184,16434.599627507163,31.514326562854137
2000,EST,20.48997134670487,24.9676217765043,2.0876790879449056,16.903209147958837,13.449885398405671,61.933324021391336,44.99721226486867,5.212867775072683,63.22732481375358,73.84163323782236,0.24441431549743184,16434.599627507163,31.514326562854137
2001,EST,20.48997134670487,24.9676217765043,2.0876790879449056,16.903209147958837,13.449885398405671,61.933324021391336,44.99721226486867,5.212867775072683,63.22732481375358,73.84163323782236,0.24441431549743184,16434.599627507163,31.514326562854137
2002,EST,25.0,38.4,1.27999997138977,8.90999984741211,6.90000009536743,61.3499984741211,16.4708657702288,5.43460988998413,77.75281,68.21,0.655079136354107,509.77,37.2000007629395
2003,EST,18.0,38.6,1.88999998569489,11.2700004577637,8.5600004196167,65.2099990844727,19.5494220334985,5.27309989929199,76.20545,70.69,0.53208627250485,568.93,34.7999992370605
2004,EST,14.0,38.8,1.97000002861023,13.3500003814697,9.6899995803833,63.7400016784668,18.1740976645435,4.87674999237061,79.6875,70.71,0.611889194971339,631.83,41.2000007629395
2005,EST,9.0,38.9,1.25,10.9700002670288,8.0,63.75,20.8044350082567,4.81026983261108,81.5184,70.59,0.844274535757526,716.74,41.0
2006,EST,2.0,39.0,1.12000000476837,11.4399995803833,8.22999954223633,65.3600006103516,21.1960368011323,3.39286994934082,80.55976,72.84,0.893003415874687,891.83,39.5999984741211
2006,EST,27.0,39.0,1.12000000476837,11.4399995803833,8.22999954223633,65.3600006103516,21.1960368011323,3.39286994934082,80.55976,72.84,0.893003415874687,891.83,39.5999984741211
2007,EST,-7.0,39.1,1.58000004291534,12.6800003051758,9.14999961853027,64.1699981689453,21.5758433592828,4.61990976333618,80.79268,73.23,0.971029520646978,1024.4,34.9000015258789
2008,EST,-23.0,39.2,1.54999995231628,10.7299995422363,7.92999982833862,66.4899978637695,21.3918376975702,5.48403978347778,78.53152,74.33,1.32201783425096,1138.56,36.5999984741211
2009,EST,-28.0,39.3,1.74000000953674,11.539999961853,8.39000034332275,65.1999969482422,21.9815994338287,5.96005010604858,79.60275,74.18,0.751767919059132,1150.71,34.2999992370605
2010,EST,-30.0,39.4,1.37000000476837,11.6599998474121,8.52999973297119,65.4300003051758,22.3826374144845,5.51778984069824,80.24607,73.99,0.581538339036547,1407.66,38.4000015258789
2010,EST,27.0,39.4,1.37000000476837,11.6599998474121,8.52999973297119,65.4300003051758,22.3826374144845,5.51778984069824,80.24607,73.99,0.581538339036547,1407.66,38.4000015258789
2011,EST,-25.0,39.5,1.5900000333786,12.1199998855591,8.72000026702881,65.7799987792969,22.3165841000236,5.01449012756348,76.40891,74.84,0.718355969502699,1384.92,34.5999984741211
2012,EST,-24.0,39.6,1.35000002384186,12.4700002670288,8.85999965667725,64.1699981689453,22.550129747582,4.71772003173828,76.07868,74.97,0.82417267100568,1493.05,31.6000003814697
2013,EST,-22.0,39.7,1.44000005722046,12.2600002288818,9.14000034332275,63.9700012207031,22.1992178513918,4.84388017654419,76.16078,75.27,0.731733642840825,1449.46,32.7999992370605
2014,EST,-25.0,39.7,1.38999998569489,12.3400001525879,9.10999965667725,63.2999992370605,22.4062571888659,4.39433002471924,74.41685,75.4,0.785908942645014,1678.33,30.7999992370605
2014,EST,28.0,39.7,1.38999998569489,12.3400001525879,9.10999965667725,63.2999992370605,22.4062571888659,4.39433002471924,74.41685,75.4,0.785908942645014,1678.33,30.7999992370605
2015,EST,-19.0,39.7,1.89999997615814,12.0500001907349,9.42000007629395,65.1600036621094,22.8433402346446,5.14418983459473,71.66149,76.8,0.465476776252943,1542.15,27.7999992370605
2016,EST,-5.0,39.7,2.21000003814697,12.1999998092651,9.56999969482422,66.1600036621094,23.0733839429492,5.15763998031616,72.86943,77.63,0.314829889466987,1555.26,31.6000003814697
2017,EST,1.0,39.7,2.49000000953674,13.6899995803833,10.1999998092651,67.5699996948242,22.9707602339181,4.96131992340088,70.45075,78.89,0.519486628619975,1563.46,34.2999992370605
2018,EST,-15.0,39.7,2.0,14.3400001525879,10.710000038147,67.5800018310547,23.0409356725146,5.2632098197937,55.15012,79.12,0.798768778762908,1476.89,33.2000007629395
2018,EST,22.0,39.7,2.0,14.3400001525879,10.710000038147,67.5800018310547,23.0409356725146,5.2632098197937,55.15012,79.12,0.798768778762908,1476.89,33.2000007629395
2019,EST,-40.0,39.8,2.10999989509583,14.6099996566772,10.9899997711182,67.3300018310547,23.1204678362573,5.30190992355347,55.15012,78.9,0.733624881780431,1622.86,35.0999984741211
2019,EST,23.0,39.8,2.10999989509583,14.6099996566772,10.9899997711182,67.3300018310547,23.1204678362573,5.30190992355347,55.15012,78.9,0.733624881780431,1622.86,35.0999984741211
2020,EST,-53.0,39.8,1.70000004768372,13.8599996566772,7.01999998092651,67.6699981689453,23.0409356725146,6.57999992370605,55.15012,71.93,0.374756824367254,1747.64,35.7999992370605
2020,EST,19.0,39.8,1.70000004768372,13.8599996566772,7.01999998092651,67.6699981689453,23.0409356725146,6.57999992370605,55.15012,71.93,0.374756824367254,1747.64,35.7999992370605
2021,EST,20.48997134670487,24.9676217765043,2.0876790879449056,16.903209147958837,13.449885398405671,61.933324021391336,44.99721226486867,5.212867775072683,63.22732481375358,73.84163323782236,0.24441431549743184,16434.599627507163,31.514326562854137
2000,FRA,20.48997134670487,24.9676217765043,2.0876790879449056,16.903209147958837,13.449885398405671,61.933324021391336,44.99721226486867,5.212867775072683,63.22732481375358,73.84163323782236,0.24441431549743184,16434.599627507163,31.514326562854137
2001,FRA,20.48997134670487,24.9676217765043,2.0876790879449056,16.903209147958837,13.449885398405671,61.933324021391336,44.99721226486867,5.212867775072683,63.22732481375358,73.84163323782236,0.24441431549743184,16434.599627507163,31.514326562854137
2002,FRA,13.0,32.1,1.94000005722046,13.3100004196167,10.7700004577637,64.8899993896484,54.0768526956519,3.39286994934082,74.09664,68.68,0.01066230594185,51494.97,34.2999992370605
2003,FRA,37.0,32.2,2.14000010490417,14.3500003814697,11.4899997711182,65.7600021362305,53.9083390676934,3.39286994934082,74.2542,69.56,0.00854990445804689,52659.44,34.2999992370605
2004,FRA,33.0,32.2,2.22000002861023,13.8000001907349,11.039999961853,65.2600021362305,53.7987132168301,3.39286994934082,72.20613,69.48,0.00782441804807507,54976.7,34.2999992370605
2005,FRA,31.0,32.3,2.08999991416931,13.8599996566772,10.8800001144409,62.3499984741211,53.675507755357,3.39286994934082,71.68062,69.59,0.00936008843959154,59436.01,36.4000015258789
2006,FRA,32.0,32.4,2.10999989509583,14.4799995422363,11.3599996566772,61.9300003051758,53.5336047206044,3.39286994934082,71.33881,69.54,0.0116642791993981,62294.75,37.0
2006,FRA,9.0,32.4,2.10999989509583,14.4799995422363,11.3599996566772,61.9300003051758,53.5336047206044,3.39286994934082,71.33881,69.54,0.0116642791993981,62294.75,37.0
2007,FRA,36.0,32.6,2.28999996185303,14.1599998474121,10.9799995422363,62.0999984741211,53.338921792617,3.39286994934082,71.04174,69.66,0.0105353219521441,63247.3,36.5
2008,FRA,35.0,32.7,2.54999995231628,13.4099998474121,10.5600004196167,61.8499984741211,53.1635975797953,3.39286994934082,71.34929,69.79,0.0146065165135699,66278.1,36.7999992370605
2009,FRA,31.0,32.8,2.17000007629395,14.210000038147,10.9499998092651,62.0800018310547,52.9988658714983,3.39286994934082,70.9903,70.13,0.00907365368952028,67841.08,37.4000015258789
2010,FRA,29.0,32.9,2.09999990463257,14.9799995422363,11.4899997711182,61.2099990844727,52.8279247639972,5.65859603881836,55.15012,70.17,0.00955820803591046,68299.86,38.5999984741211
2010,FRA,9.0,32.9,2.09999990463257,14.9799995422363,11.4899997711182,61.2099990844727,52.8279247639972,5.65859603881836,55.15012,70.17,0.00955820803591046,68299.86,38.5999984741211
2011,FRA,30.0,33.0,2.25999999046326,15.0900001525879,11.6300001144409,60.4799995422363,52.7408105457514,5.48298311233521,55.15012,70.05,0.00999143135217602,70130.47,39.0999984741211
2012,FRA,30.0,33.0,2.22000002861023,14.8699998855591,11.4399995803833,60.0200004577637,52.6790818124871,5.45646715164185,70.29295,70.58,0.0118267853623421,71646.01,39.2000007629395
2013,FRA,24.0,33.1,2.17000007629395,14.5200004577637,11.2700004577637,59.1599998474121,52.549232317366,5.50037813186646,69.31184,71.01,0.00927965662746415,72641.06,35.5999984741211
2014,FRA,23.0,33.2,2.04999995231628,14.7799997329712,11.6099996566772,58.4099998474121,52.5360830014044,5.51206302642822,69.54084,70.94,0.00704481413735656,72165.9,32.0
2014,FRA,9.0,33.2,2.04999995231628,14.7799997329712,11.6099996566772,58.4099998474121,52.5360830014044,5.51206302642822,69.54084,70.94,0.00704481413735656,72165.9,32.0
2015,FRA,20.0,33.3,2.20000004768372,14.6599998474121,11.539999961853,58.3499984741211,52.4637617636155,5.46423482894897,69.23265,71.23,0.00394774718741517,71454.24,30.8999996185303
2016,FRA,17.0,33.4,2.27999997138977,14.8999996185303,11.7700004577637,58.1100006103516,52.4475461002233,5.41906690597534,69.22715,71.44,0.00301199251575138,70742.15,31.1000003814697
2017,FRA,11.0,33.5,2.28999996185303,14.4399995803833,11.6099996566772,57.2000007629395,52.410066897145,5.45160007476807,55.15012,71.6,0.00404433625040819,69328.55,32.5999984741211
2018,FRA,3.0,33.6,2.17000007629395,14.6999998092651,11.6499996185303,56.7299995422363,52.3417653321937,5.40716981887817,55.15012,72.01,0.00677052839221588,67682.67,34.4000015258789
2018,FRA,11.0,33.6,2.17000007629395,14.6999998092651,11.6499996185303,56.7299995422363,52.3417653321937,5.40716981887817,55.15012,72.01,0.00677052839221588,67682.67,34.4000015258789
2019,FRA,-3.0,33.7,2.21000003814697,15.2799997329712,12.1300001144409,55.439998626709,52.2706969320089,5.35443019866943,55.15012,71.82,0.00543453180331309,65758.26,34.2999992370605
2019,FRA,14.0,33.7,2.21000003814697,15.2799997329712,12.1300001144409,55.439998626709,52.2706969320089,5.35443019866943,55.15012,71.82,0.00543453180331309,65758.26,34.2999992370605
2020,FRA,-9.0,33.7,1.70000004768372,13.8599996566772,7.01999998092651,53.3499984741211,52.1475462828527,5.5,55.15012,71.93,0.0256010714736678,66478.55,34.9000015258789
2020,FRA,14.0,33.7,1.70000004768372,13.8599996566772,7.01999998092651,53.3499984741211,52.1475462828527,5.5,55.15012,71.93,0.0256010714736678,66478.55,34.9000015258789
2021,FRA,20.48997134670487,24.9676217765043,2.0876790879449056,16.903209147958837,13.449885398405671,61.933324021391336,44.99721226486867,5.212867775072683,63.22732481375358,73.84163323782236,0.24441431549743184,16434.599627507163,31.514326562854137
2000,ISL,20.48997134670487,24.9676217765043,2.0876790879449056,16.903209147958837,13.449885398405671,61.933324021391336,44.99721226486867,5.212867775072683,63.22732481375358,73.84163323782236,0.24441431549743184,16434.599627507163,31.514326562854137
2001,ISL,20.48997134670487,24.9676217765043,2.0876790879449056,16.903209147958837,13.449885398405671,61.933324021391336,44.99721226486867,5.212867775072683,63.22732481375358,73.84163323782236,0.24441431549743184,16434.599627507163,31.514326562854137
2002,ISL,28.0,28.7,2.39000010490417,24.1299991607666,17.5400009155273,76.8600006103516,18.8229426433915,7.29892015457153,67.40741,86.88,0.000268823061227591,306.4,32.2999992370605
2003,ISL,44.0,29.8,2.13000011444092,18.8199996948242,13.789999961853,80.4300003051758,18.8029925187032,7.24507999420166,66.90391,86.69,0.000268823061227591,258.65,40.0
2004,ISL,40.0,29.4,2.59999990463257,17.8700008392334,13.8100004196167,80.870002746582,18.7930174563591,7.16118001937866,69.00958,86.29,0.000268823061227591,304.27,38.0999984741211
2005,ISL,34.0,30.4,2.75,20.2999992370605,14.6000003814697,76.5,18.7730673316708,7.33843994140625,67.97583,85.68,0.000268823061227591,363.38,30.0
2006,ISL,28.0,30.3,2.45000004768372,20.7999992370605,15.0100002288818,79.5500030517578,18.7630922693267,7.19521999359131,64.6438,86.67,0.000268823061227591,381.82,34.0
2006,ISL,23.0,30.3,2.45000004768372,20.7999992370605,15.0100002288818,79.5500030517578,18.7630922693267,7.19521999359131,64.6438,86.67,0.000268823061227591,381.82,34.0
2007,ISL,24.0,30.6,2.75999999046326,19.1000003814697,14.0699996948242,78.370002746582,18.713216957606,6.9443302154541,68.22917,86.7,0.000268823061227591,380.85,33.0999984741211
2008,ISL,20.0,31.1,2.38000011444092,17.3400001525879,12.9399995803833,75.8000030517578,18.713216957606,7.03601980209351,65.20619,85.76,0.000268823061227591,421.89,37.0
2009,ISL,15.0,31.1,1.50999999046326,16.8199996948242,12.2600002288818,75.7600021362305,18.7032418952618,7.18984985351563,64.84375,84.1,0.000268823061227591,472.91,38.4000015258789
2010,ISL,11.0,31.4,2.25999999046326,16.4500007629395,12.9099998474121,77.6800003051758,18.6932668329177,6.9442400932312,69.19431,84.36,0.000268823061227591,560.82,37.0999984741211
2010,ISL,16.0,31.4,2.25999999046326,16.4500007629395,12.9099998474121,77.6800003051758,18.6932668329177,6.9442400932312,69.19431,84.36,0.000268823061227591,560.82,37.0999984741211
2011,ISL,17.0,31.7,2.1800000667572,16.2800006866455,12.8000001907349,78.7099990844727,18.6852867830424,6.78997993469238,55.15012,84.16,0.000451917664794644,548.88,39.0999984741211
2012,ISL,24.0,32.0,2.25,15.8000001907349,12.5699996948242,78.8000030517578,18.6753117206983,7.58223009109497,63.68821,84.52,0.000411251554332357,632.65,38.2000007629395
2013,ISL,25.0,32.1,2.24000000953674,16.5400009155273,12.8299999237061,79.6800003051758,18.6753117206983,7.44868993759155,55.15012,85.56,0.000386151350477792,582.0,37.9000015258789
2014,ISL,16.0,31.9,1.47000002861023,17.0200004577637,12.9300003051758,80.6999969482422,18.6753117206983,7.6414098739624,55.15012,87.02,0.000367072461922278,587.02,38.2000007629395
2014,ISL,13.0,31.9,1.47000002861023,17.0200004577637,12.9300003051758,80.6999969482422,18.6753117206983,7.6414098739624,55.15012,87.02,0.000367072461922278,587.02,38.2000007629395
2015,ISL,11.0,31.9,1.46000003814697,17.0100002288818,12.7200002670288,81.5999984741211,18.6733167082294,7.4579701423645,55.15012,88.09,0.000317219455489857,598.66,39.5
2016,ISL,15.0,31.6,2.13000011444092,16.1499996185303,12.3000001907349,79.5,18.6733167082294,7.43219995498657,55.15012,89.09,0.000264637144842649,664.72,34.7999992370605
2017,ISL,21.0,31.3,1.87999999523163,15.6300001144409,11.9799995422363,80.2200012207031,18.6733167082294,7.58385992050171,55.15012,88.35,0.000224301542330179,625.78,33.0
2018,ISL,12.0,30.9,2.40000009536743,15.460000038147,12.210000038147,78.1399993896484,18.565903005058,7.56170988082886,55.15012,87.08,0.00020709133378544,706.71,43.0
2019,ISL,20.48997134670487,24.9676217765043,2.0876790879449056,16.903209147958837,13.449885398405671,61.933324021391336,44.99721226486867,5.212867775072683,63.22732481375358,73.84163323782236,0.24441431549743184,16434.599627507163,31.514326562854137
2020,ISL,20.48997134670487,24.9676217765043,2.0876790879449056,16.903209147958837,13.449885398405671,61.933324021391336,44.99721226486867,5.212867775072683,63.22732481375358,73.84163323782236,0.24441431549743184,16434.599627507163,31.514326562854137
2021,ISL,20.48997134670487,24.9676217765043,2.0876790879449056,16.903209147958837,13.449885398405671,61.933324021391336,44.99721226486867,5.212867775072683,63.22732481375358,73.84163323782236,0.24441431549743184,16434.599627507163,31.514326562854137
2000,IRL,20.48997134670487,24.9676217765043,2.0876790879449056,16.903209147958837,13.449885398405671,61.933324021391336,44.99721226486867,5.212867775072683,63.22732481375358,73.84163323782236,0.24441431549743184,16434.599627507163,31.514326562854137
2001,IRL,20.48997134670487,24.9676217765043,2.0876790879449056,16.903209147958837,13.449885398405671,61.933324021391336,44.99721226486867,5.212867775072683,63.22732481375358,73.84163323782236,0.24441431549743184,16434.599627507163,31.514326562854137
2002,IRL,17.0,31.7,2.45000004768372,25.4500007629395,18.0300006866455,62.0200004577637,63.478008419219,4.10487985610962,67.28835,70.85,0.0182961194716421,3039.39,38.7000007629395
2003,IRL,25.0,31.8,2.40000009536743,24.8099994659424,17.6800003051758,61.2099990844727,63.4344607345043,4.20493984222412,67.76411,71.1,0.0110599039560759,3113.93,40.7999992370605
2004,IRL,28.0,31.8,2.66000008583069,25.2199993133545,17.9200000762939,61.0299987792969,62.4909275656844,4.48296022415161,66.08589,71.46,0.0393712977581545,3822.38,39.7000007629395
2005,IRL,28.0,31.8,2.32999992370605,24.3400001525879,17.0400009155273,63.5,62.4473798809697,4.51898002624512,66.66186,73.77,0.0529072680638003,4707.66,43.5999984741211
2006,IRL,33.0,31.9,2.21000003814697,23.2600002288818,16.2299995422363,62.1599998474121,61.837712294963,4.54742002487183,68.0173,74.64,0.309729573621018,4863.72,41.4000015258789
2006,IRL,19.0,31.9,2.21000003814697,23.2600002288818,16.2299995422363,62.1599998474121,61.837712294963,4.54742002487183,68.0173,74.64,0.309729573621018,4863.72,41.4000015258789
2007,IRL,29.0,32.1,2.46000003814697,23.0200004577637,16.2600002288818,65.0599975585938,62.0699666134417,4.71541023254395,64.95864,75.25,0.285017630749828,5447.33,40.2999992370605
2008,IRL,26.0,32.2,2.39000010490417,23.8999996185303,16.7700004577637,63.9500007629395,67.1940775148788,5.45828008651733,65.67198,74.6,0.0222280037607303,5669.76,42.2000007629395
2009,IRL,19.0,32.3,2.49000000953674,25.5699996948242,17.5,63.2700004577637,66.6848599216142,6.15610980987549,63.19518,72.93,0.0277640456648846,6268.89,40.0999984741211
2010,IRL,21.0,32.4,2.42000007629395,25.0200004577637,17.2099990844727,61.2999992370605,66.3086079256786,6.05136013031006,62.98664,71.63,0.0915149820061444,6860.36,39.7999992370605
2010,IRL,14.0,32.4,2.42000007629395,25.0200004577637,17.2099990844727,61.2999992370605,66.3086079256786,6.05136013031006,62.98664,71.63,0.0915149820061444,6860.36,39.7999992370605
2011,IRL,23.0,32.6,2.32999992370605,24.5400009155273,16.8199996948242,59.8600006103516,66.1199012919147,5.82904005050659,55.15012,71.23,0.0815042859547437,7161.05,30.6000003814697
2012,IRL,28.0,32.7,2.39000010490417,24.6100006103516,16.8299999237061,59.6300010681152,65.8005516040064,5.75268983840942,61.74199,71.24,0.0400245145039409,6947.46,29.8999996185303
2013,IRL,31.0,32.8,2.54999995231628,24.3099994659424,17.0200004577637,59.3699989318848,64.9876614893308,5.34205007553101,60.40951,71.97,0.014218286298964,7003.61,29.8999996185303
2014,IRL,33.0,32.9,2.1800000667572,24.0200004577637,16.8099994659424,58.1100006103516,64.8279866453767,4.87849998474121,60.25401,72.08,0.015339236734546,7044.36,31.0
2014,IRL,10.0,32.9,2.1800000667572,24.0200004577637,16.8099994659424,58.1100006103516,64.8279866453767,4.87849998474121,60.25401,72.08,0.015339236734546,7044.36,31.0
2015,IRL,36.0,33.0,2.22000002861023,23.2999992370605,16.4799995422363,56.9900016784668,64.3054144287995,3.75876998901367,59.0076,72.28,0.00325446801044422,6777.56,29.8999996185303
2016,IRL,33.0,32.8,2.44000005722046,22.7800006866455,16.2299995422363,58.7999992370605,64.7554071708521,3.74212002754211,59.09596,72.85,0.058951007616789,6984.3,31.8999996185303
2017,IRL,30.0,32.7,2.28999996185303,21.8500003814697,15.4499998092651,57.8699989318848,65.1618522281899,3.50928997993469,55.15012,72.91,0.117165840306819,7117.53,31.0
2018,IRL,27.0,32.5,2.23000001907349,21.0100002288818,15.0299997329712,58.8899993896484,65.5537813906227,3.39286994934082,55.15012,73.23,0.13224934794849,7282.42,32.2000007629395
2018,IRL,8.0,32.5,2.23000001907349,21.0100002288818,15.0299997329712,58.8899993896484,65.5537813906227,3.39286994934082,55.15012,73.23,0.13224934794849,7282.42,32.2000007629395
2019,IRL,26.0,32.3,2.10999989509583,20.0799999237061,14.3999996185303,58.5999984741211,65.6699085498621,3.29461002349854,55.15012,73.51,0.0639856919474082,7747.07,30.3999996185303
2020,IRL,29.0,32.4,1.70000004768372,13.8599996566772,7.01999998092651,55.5400009155273,65.495717811003,3.09999990463257,55.15012,71.93,0.0307646714146591,8562.78,32.4000015258789
2021,IRL,20.48997134670487,24.9676217765043,2.0876790879449056,16.903209147958837,13.449885398405671,61.933324021391336,44.99721226486867,5.212867775072683,63.22732481375358,73.84163323782236,0.24441431549743184,16434.599627507163,31.514326562854137
2000,LTU,20.48997134670487,24.9676217765043,2.0876790879449056,16.903209147958837,13.449885398405671,61.933324021391336,44.99721226486867,5.212867775072683,63.22732481375358,73.84163323782236,0.24441431549743184,16434.599627507163,31.514326562854137
2001,LTU,20.48997134670487,24.9676217765043,2.0876790879449056,16.903209147958837,13.449885398405671,61.933324021391336,44.99721226486867,5.212867775072683,63.22732481375358,73.84163323782236,0.24441431549743184,16434.599627507163,31.514326562854137
2002,LTU,15.0,16.4,1.36000001430511,23.6599998474121,20.7700004577637,70.9100036621094,46.0274409700064,5.80007982254028,75.24144,69.94,0.333081546132426,998.87,48.4000015258789
2003,LTU,20.48997134670487,24.9676217765043,2.0876790879449056,16.903209147958837,13.449885398405671,61.933324021391336,44.99721226486867,5.212867775072683,63.22732481375358,73.84163323782236,0.24441431549743184,16434.599627507163,31.514326562854137
2004,LTU,29.0,17.4,1.14999997615814,21.8600006103516,18.8400001525879,66.0100021362305,41.5491384811742,5.17428016662598,76.90174,69.43,0.201926135861945,1263.89,46.7999992370605
2005,LTU,27.0,18.1,1.21000003814697,19.4200000762939,17.1599998474121,64.879997253418,45.2616464582004,4.87839984893799,77.61359,68.61,0.180456756780603,1517.3,45.0
2006,LTU,21.0,18.6,1.37000000476837,19.0599994659424,16.9899997711182,60.6699981689453,44.5229738353542,4.82572984695435,76.82463,67.52,0.144990802095747,1762.55,42.7999992370605
2006,LTU,16.0,18.6,1.37000000476837,19.0599994659424,16.9899997711182,60.6699981689453,44.5229738353542,4.82572984695435,76.82463,67.52,0.144990802095747,1762.55,42.7999992370605
2007,LTU,16.0,19.2,1.12999999523163,17.3799991607666,14.5699996948242,59.8300018310547,43.0105296745373,4.59521007537842,78.69666,67.93,0.0965964841260454,1685.79,40.2999992370605
2008,LTU,7.0,19.7,0.990000009536743,14.3900003433228,11.6800003051758,59.9099998474121,42.6342241723175,4.83990001678467,75.22282,68.43,0.101241066828756,2487.45,41.4000015258789
2009,LTU,3.0,20.1,1.27999997138977,14.8500003814697,11.9799995422363,60.7799987792969,42.9038691663343,5.58523988723755,77.87032,69.63,0.055082350905294,2278.05,40.2999992370605
2010,LTU,-3.0,20.6,1.1599999666214,13.1800003051758,10.8800001144409,59.9700012207031,44.2329477463103,5.29786014556885,75.31744,70.33,0.0632545993679849,2334.4,42.0
2010,LTU,10.0,20.6,1.1599999666214,13.1800003051758,10.8800001144409,59.9700012207031,44.2329477463103,5.29786014556885,75.31744,70.33,0.0632545993679849,2334.4,42.0
2011,LTU,7.0,20.9,1.3400000333786,12.5699996948242,10.5900001525879,58.8499984741211,44.7697609854166,5.11343002319336,75.23992,71.51,0.0895930615737395,2432.7,36.5
2012,LTU,5.0,21.2,1.28999996185303,13.3000001907349,11.0500001907349,58.3899993896484,45.3489485273,4.75802993774414,74.80892,71.99,0.0762159130680747,2253.21,35.2999992370605
2013,LTU,14.0,21.5,1.22000002861023,13.960000038147,11.7700004577637,56.6699981689453,46.1332269644994,4.60233020782471,76.14649,72.55,0.0551989515670167,2234.77,36.5
2014,LTU,9.0,21.8,1.32000005245209,14.039999961853,12.1000003814697,56.9300003051758,47.1252992817239,4.48657989501953,73.08857,73.75,0.0452597318364978,2451.02,35.4000015258789
2014,LTU,12.0,21.8,1.32000005245209,14.039999961853,12.1000003814697,56.9300003051758,47.1252992817239,4.48657989501953,73.08857,73.75,0.0452597318364978,2451.02,35.4000015258789
2015,LTU,15.0,22.1,1.33000004291534,14.6000003814697,12.2700004577637,55.8400001525879,47.9792498004789,4.2271900177002,74.70998,74.09,0.0204096842873404,2432.61,38.0999984741211
2016,LTU,17.0,22.2,1.38999998569489,15.2799997329712,12.3299999237061,55.2400016784668,47.1552632419144,4.004310131073,72.63856,75.55,0.0123380922218575,2280.75,38.7999992370605
2017,LTU,29.0,22.2,1.37000000476837,14.7600002288818,12.0100002288818,54.2900009155273,46.8590859022046,3.81220006942749,74.36869,76.1,0.0148150768005386,2353.67,37.9000015258789
2018,LTU,30.0,22.3,1.42999994754791,14.2200002670288,11.6700000762939,54.060001373291,47.0541274149768,3.89293003082275,55.15012,77.55,0.015877717103123,2299.87,38.2000007629395
2018,LTU,11.0,22.3,1.42999994754791,14.2200002670288,11.6700000762939,54.060001373291,47.0541274149768,3.89293003082275,55.15012,77.55,0.015877717103123,2299.87,38.2000007629395
2019,LTU,30.0,22.3,1.30999994277954,14.8400001525879,11.6599998474121,53.4300003051758,47.5087831363781,3.97215008735657,55.15012,78.24,0.00831460495012381,2443.94,38.5999984741211
2019,LTU,14.0,22.3,1.30999994277954,14.8400001525879,11.6599998474121,53.4300003051758,47.5087831363781,3.97215008735657,55.15012,78.24,0.00831460495012381,2443.94,38.5999984741211
2020,LTU,24.0,22.3,1.70000004768372,13.8599996566772,7.01999998092651,52.689998626709,46.9945704247844,3.39286994934082,55.15012,71.93,0.00407264063249645,2738.88,37.2999992370605
2020,LTU,9.0,22.3,1.70000004768372,13.8599996566772,7.01999998092651,52.689998626709,46.9945704247844,3.39286994934082,55.15012,71.93,0.00407264063249645,2738.88,37.2999992370605
2021,LTU,20.48997134670487,24.9676217765043,2.0876790879449056,16.903209147958837,13.449885398405671,61.933324021391336,44.99721226486867,5.212867775072683,63.22732481375358,73.84163323782236,0.24441431549743184,16434.599627507163,31.514326562854137
2000,LUX,20.48997134670487,24.9676217765043,2.0876790879449056,16.903209147958837,13.449885398405671,61.933324021391336,44.99721226486867,5.212867775072683,63.22732481375358,73.84163323782236,0.24441431549743184,16434.599627507163,31.514326562854137
2001,LUX,20.48997134670487,24.9676217765043,2.0876790879449056,16.903209147958837,13.449885398405671,61.933324021391336,44.99721226486867,5.212867775072683,63.22732481375358,73.84163323782236,0.24441431549743184,16434.599627507163,31.514326562854137
2002,LUX,15.0,28.0,0.870000004768372,8.47999954223633,8.10000038146973,54.6800003051758,49.7191644072932,3.39286994934082,55.15012,65.09,0.0200884510707044,83.08,15.0
2003,LUX,46.0,28.1,0.889999985694885,8.39000034332275,8.02000045776367,56.8699989318848,49.7191644072932,3.39286994934082,55.15012,64.31,0.0181358170280585,87.93,11.1999998092651
2004,LUX,45.0,28.3,1.70000004768372,9.21000003814697,8.18000030517578,56.2299995422363,49.7191644072932,3.39286994934082,55.15012,65.59,0.0103250532425989,152.56,12.1999998092651
2005,LUX,37.0,28.5,1.62000000476837,8.73999977111816,8.02000045776367,54.8800010681152,50.1075953792252,3.39286994934082,55.15012,66.47,0.0103667384663126,162.21,9.30000019073486
2006,LUX,42.0,28.5,1.42999994754791,8.89000034332275,7.84999990463257,57.2099990844727,50.1075953792252,3.39286994934082,55.15012,66.94,0.0165148638060761,193.21,21.2000007629395
2006,LUX,7.0,28.5,1.42999994754791,8.89000034332275,7.84999990463257,57.2099990844727,50.1075953792252,3.39286994934082,55.15012,66.94,0.0165148638060761,193.21,21.2000007629395
2007,LUX,45.0,28.7,1.74000000953674,8.15999984741211,7.34000015258789,55.7999992370605,50.8844573230891,3.39286994934082,55.15012,66.45,0.021416441367285,217.9,9.69999980926514
2008,LUX,44.0,28.7,1.3400000333786,6.69999980926514,6.71000003814697,53.8899993896484,50.8844573230891,3.39286994934082,52.94118,66.27,0.0590337911718056,311.95,15.3000001907349
2009,LUX,36.0,28.8,1.37999999523163,10.0299997329712,8.72000026702881,51.4900016784668,50.7679280315095,3.39286994934082,55.15012,68.33,0.101799627026941,381.33,15.3999996185303
2010,LUX,25.0,28.8,1.75999999046326,9.27999973297119,8.15999984741211,52.2900009155273,50.8999945619664,5.28915452957153,55.15012,67.96,0.0504142093254458,444.03,19.6000003814697
2010,LUX,4.0,28.8,1.75999999046326,9.27999973297119,8.15999984741211,52.2900009155273,50.8999945619664,5.28915452957153,55.15012,67.96,0.0504142093254458,444.03,19.6000003814697
2011,LUX,22.0,28.8,1.5,9.55000019073486,8.55000019073486,50.6800003051758,50.9893336855108,5.1235294342041,55.15012,67.69,0.0771102670095134,569.2,18.2999992370605
2012,LUX,16.0,28.7,1.8400000333786,9.51000022888184,8.86999988555908,53.6399993896484,51.0475983313005,3.87815999984741,62.68657,69.05,0.0551070107329011,574.18,17.0
2013,LUX,11.0,28.7,1.80999994277954,9.47999954223633,8.82999992370605,52.4799995422363,50.8378456064573,3.90583801269531,54.6875,69.27,0.0332132905759603,741.34,14.6000003814697
2014,LUX,4.0,28.7,1.21000003814697,9.88000011444092,8.73999977111816,53.3300018310547,50.8805730133698,3.85569000244141,66.66667,70.08,0.029546593265378,844.09,17.8999996185303
2014,LUX,3.0,28.7,1.21000003814697,9.88000011444092,8.73999977111816,53.3300018310547,50.8805730133698,3.85569000244141,66.66667,70.08,0.029546593265378,844.09,17.8999996185303
2015,LUX,7.0,28.7,2.29999995231628,10.6300001144409,9.76000022888184,54.0999984741211,50.9893336855108,3.76792001724243,60.3352,70.66,0.0177324029588399,789.25,14.0
2016,LUX,11.0,28.7,2.5699999332428,11.1300001144409,10.039999961853,54.560001373291,50.7488949138849,3.48559498786926,61.97917,69.61,0.0141128362476049,842.39,14.8999996185303
2017,LUX,15.0,28.7,2.15000009536743,10.7600002288818,9.85000038146973,57.3699989318848,50.9458294166544,3.48645997047424,55.15012,70.0,0.0125845852989564,790.95,16.1000003814697
2018,LUX,19.0,28.7,1.87000000476837,9.56999969482422,8.59000015258789,57.5299987792969,51.1015902363991,3.64749002456665,55.15012,70.77,0.0174645863576969,881.62,22.5
2019,LUX,20.0,28.7,1.95000004768372,9.61999988555908,8.73999977111816,55.3300018310547,51.1144084584729,3.71982002258301,55.15012,71.66,0.0123897474201201,908.61,26.5
2020,LUX,22.0,28.8,1.70000004768372,13.8599996566772,7.01999998092651,56.3499984741211,51.3257149072038,4.96999979019165,55.15012,71.93,0.00901223264740562,946.94,28.2000007629395
2021,LUX,20.48997134670487,24.9676217765043,2.0876790879449056,16.903209147958837,13.449885398405671,61.933324021391336,44.99721226486867,5.212867775072683,63.22732481375358,73.84163323782236,0.24441431549743184,16434.599627507163,31.514326562854137
2000,NLD,20.48997134670487,24.9676217765043,2.0876790879449056,16.903209147958837,13.449885398405671,61.933324021391336,44.99721226486867,5.212867775072683,63.22732481375358,73.84163323782236,0.24441431549743184,16434.599627507163,31.514326562854137
2001,NLD,20.48997134670487,24.9676217765043,2.0876790879449056,16.903209147958837,13.449885398405671,61.933324021391336,44.99721226486867,5.212867775072683,63.22732481375358,73.84163323782236,0.24441431549743184,16434.599627507163,31.514326562854137
2002,NLD,15.0,17.4,1.87000000476837,13.3500003814697,11.6700000762939,70.7799987792969,57.4674170616114,4.80590009689331,59.51304,76.31,0.39592687035362,19627.11,21.7000007629395
2003,NLD,20.48997134670487,24.9676217765043,2.0876790879449056,16.903209147958837,13.449885398405671,61.933324021391336,44.99721226486867,5.212867775072683,63.22732481375358,73.84163323782236,0.24441431549743184,16434.599627507163,31.514326562854137
2004,NLD,37.0,17.5,2.00999999046326,14.0600004196167,12.1000003814697,70.8399963378906,57.7428909952607,5.06297016143799,59.27689,76.62,0.335820535881234,21555.51,22.2000007629395
2005,NLD,38.0,17.5,2.04999995231628,16.2399997711182,13.6700000762939,69.5899963378906,57.396327014218,5.10939979553223,60.80508,75.07,0.256880470382287,24179.86,22.2999992370605
2006,NLD,42.0,17.6,2.1800000667572,16.3700008392334,13.8999996185303,68.4400024414063,56.8601895734597,5.04402017593384,58.01185,75.37,0.4825905233565,24828.84,25.5
2006,NLD,15.0,17.6,2.1800000667572,16.3700008392334,13.8999996185303,68.4400024414063,56.8601895734597,5.04402017593384,58.01185,75.37,0.4825905233565,24828.84,25.5
2007,NLD,44.0,17.6,2.10999989509583,16.8199996948242,14.0900001525879,69.1399993896484,56.7061611374408,4.88682985305786,58.09515,76.77,0.444381590984199,25555.34,26.7999992370605
2008,NLD,41.0,17.7,1.98000001907349,17.0699996948242,14.3500003814697,69.6600036621094,57.1475118483412,5.02904987335205,56.54475,77.85,0.84057276905166,26521.22,26.0
2009,NLD,35.0,17.8,2.03999996185303,17.5499992370605,14.8299999237061,70.1600036621094,56.8455380966499,5.43156003952026,56.70801,78.1,0.554421343039608,28385.45,26.0
2010,NLD,30.0,17.9,1.91999995708466,18.1100006103516,15.0900001525879,68.5699996948242,55.5084494515268,5.48908996582031,57.37858,77.9,0.597732613826022,29127.43,26.8999996185303
2010,NLD,17.0,17.9,1.91999995708466,18.1100006103516,15.0900001525879,68.5699996948242,55.5084494515268,5.48908996582031,57.37858,77.9,0.597732613826022,29127.43,26.8999996185303
2011,NLD,27.0,18.0,2.01999998092651,18.1900005340576,15.1499996185303,67.620002746582,55.1126927639383,5.46303987503052,56.74179,78.05,0.778473608025466,29981.55,27.8999996185303
2012,NLD,26.0,18.1,2.01999998092651,18.4699993133545,15.3599996566772,68.370002746582,54.6174377224199,5.4102201461792,58.60656,78.9,0.921106734291822,30713.33,28.2999992370605
2013,NLD,22.0,18.2,2.02999997138977,19.2999992370605,16.0499992370605,66.8000030517578,54.8411991688928,5.52655982971191,58.12286,79.28,0.932413421601151,31251.17,23.1000003814697
2014,NLD,24.0,18.2,2.05999994277954,19.9300003051758,16.6200008392334,66.4499969482422,54.5888987830217,5.458899974823,57.55213,79.0,0.57247142322415,31512.23,24.0
2014,NLD,15.0,18.2,2.05999994277954,19.9300003051758,16.6200008392334,66.4499969482422,54.5888987830217,5.458899974823,57.55213,79.0,0.57247142322415,31512.23,24.0
2015,NLD,28.0,18.3,2.09999990463257,19.7900009155273,16.8400001525879,67.1100006103516,54.8262548262548,5.34815979003906,55.15012,79.66,0.341319074512326,31178.38,24.5
2016,NLD,32.0,18.3,2.25,19.8500003814697,16.8099994659424,66.870002746582,53.9055539055539,5.47959995269775,55.15012,79.73,0.195597657921628,30962.18,24.3999996185303
2017,NLD,30.0,18.4,2.32999992370605,19.7399997711182,16.7399997711182,66.2699966430664,54.024354024354,5.17509984970093,54.41782,79.79,0.215336076465677,31126.28,26.0
2018,NLD,28.0,18.4,2.20000004768372,19.7299995422363,16.6900005340576,66.3000030517578,54.1134541134541,5.35764980316162,55.15012,80.31,0.320730424537342,31333.4,24.7999992370605
2018,NLD,12.0,18.4,2.20000004768372,19.7299995422363,16.6900005340576,66.3000030517578,54.1134541134541,5.35764980316162,55.15012,80.31,0.320730424537342,31333.4,24.7999992370605
2019,NLD,25.0,18.5,2.17000007629395,19.6100006103516,16.6200008392334,66.8600006103516,53.959013959014,5.15986013412476,55.15012,80.94,0.201138066501046,31458.37,26.0
2019,NLD,13.0,18.5,2.17000007629395,19.6100006103516,16.6200008392334,66.8600006103516,53.959013959014,5.15986013412476,55.15012,80.94,0.201138066501046,31458.37,26.0
2020,NLD,25.0,18.5,1.70000004768372,13.8599996566772,7.01999998092651,66.2300033569336,53.8892188892189,5.30000019073486,55.15012,71.93,0.0724657054602596,33376.81,24.7999992370605
2020,NLD,13.0,18.5,1.70000004768372,13.8599996566772,7.01999998092651,66.2300033569336,53.8892188892189,5.30000019073486,55.15012,71.93,0.0724657054602596,33376.81,24.7999992370605
2021,NLD,20.48997134670487,24.9676217765043,2.0876790879449056,16.903209147958837,13.449885398405671,61.933324021391336,44.99721226486867,5.212867775072683,63.22732481375358,73.84163323782236,0.24441431549743184,16434.599627507163,31.514326562854137
2000,SVK,20.48997134670487,24.9676217765043,2.0876790879449056,16.903209147958837,13.449885398405671,61.933324021391336,44.99721226486867,5.212867775072683,63.22732481375358,73.84163323782236,0.24441431549743184,16434.599627507163,31.514326562854137
2001,SVK,20.48997134670487,24.9676217765043,2.0876790879449056,16.903209147958837,13.449885398405671,61.933324021391336,44.99721226486867,5.212867775072683,63.22732481375358,73.84163323782236,0.24441431549743184,16434.599627507163,31.514326562854137
2002,SVK,20.0,20.9,1.12999999523163,11.8900003433228,8.47999954223633,69.0800018310547,46.5072765072765,4.24539995193481,50.51051,69.45,0.0191766069440013,2095.06,34.2999992370605
2003,SVK,20.0,20.5,1.44000005722046,12.8999996185303,9.51000022888184,68.0100021362305,46.4768239451258,4.20956993103027,51.84299,69.86,0.0168766955293759,2145.64,34.5999984741211
2004,SVK,21.0,19.9,1.8400000333786,16.0599994659424,12.1099996566772,67.5199966430664,40.2079002079002,4.10157012939453,55.55556,69.8,0.031705363348451,2271.05,32.4000015258789
2004,SVK,20.0,19.9,1.8400000333786,16.0599994659424,12.1099996566772,67.5199966430664,40.2079002079002,4.10157012939453,55.55556,69.8,0.031705363348451,2271.05,32.4000015258789
2005,SVK,19.0,19.3,1.83000004291534,17.2199993133545,12.6800003051758,64.4599990844727,40.3534303534304,3.75995993614197,55.15012,69.02,0.0205822491682995,2493.32,30.7999992370605
2005,SVK,20.0,19.3,1.83000004291534,17.2199993133545,12.6800003051758,64.4599990844727,40.3534303534304,3.75995993614197,55.15012,69.02,0.0205822491682995,2493.32,30.7999992370605
2006,SVK,23.0,19.0,1.87000000476837,16.7600002288818,12.6499996185303,64.8499984741211,40.3118503118503,3.70770001411438,56.62028,68.61,0.0248395688577589,2581.82,27.3999996185303
2006,SVK,17.0,19.0,1.87000000476837,16.7600002288818,12.6499996185303,64.8499984741211,40.3118503118503,3.70770001411438,56.62028,68.61,0.0248395688577589,2581.82,27.3999996185303
2007,SVK,26.0,18.5,1.97000002861023,17.2800006866455,12.8999996185303,64.3099975585938,40.1247401247401,3.52321004867554,56.43649,68.29,0.0226221617177551,2812.53,31.7999992370605
2007,SVK,17.0,18.5,1.97000002861023,17.2800006866455,12.8999996185303,64.3099975585938,40.1247401247401,3.52321004867554,56.43649,68.29,0.0226221617177551,2812.53,31.7999992370605
2008,SVK,29.0,18.0,1.70000004768372,18.4699993133545,13.7799997329712,64.2399978637695,40.2702702702703,3.52165007591248,63.22364,68.83,0.0410293258523693,3306.3,29.2000007629395
2008,SVK,16.0,18.0,1.70000004768372,18.4699993133545,13.7799997329712,64.2399978637695,40.2702702702703,3.52165007591248,63.22364,68.83,0.0410293258523693,3306.3,29.2000007629395
2009,SVK,31.0,17.5,1.87999999523163,20.3600006103516,15.6700000762939,62.9700012207031,40.1330838012061,4.00641012191772,66.03255,68.43,0.0152813660753904,3085.64,31.7000007629395
2009,SVK,16.0,17.5,1.87999999523163,20.3600006103516,15.6700000762939,62.9700012207031,40.1330838012061,4.00641012191772,66.03255,68.43,0.0152813660753904,3085.64,31.7000007629395
2010,SVK,30.0,17.1,2.03999996185303,21.3199996948242,15.9700002670288,63.0699996948242,40.4379197770893,4.06091022491455,68.71815,68.65,0.0321722518995709,3557.37,34.9000015258789
2010,SVK,14.0,17.1,2.03999996185303,21.3199996948242,15.9700002670288,63.0699996948242,40.4379197770893,4.06091022491455,68.71815,68.65,0.0321722518995709,3557.37,34.9000015258789
2011,SVK,32.0,16.4,2.13000011444092,20.9400005340576,16.0,58.9300003051758,40.1285143902845,3.91519999504089,69.10068,68.77,0.0380879194857856,3805.93,28.6000003814697
2011,SVK,15.0,16.4,2.13000011444092,20.9400005340576,16.0,58.9300003051758,40.1285143902845,3.91519999504089,69.10068,68.77,0.0380879194857856,3805.93,28.6000003814697
2012,SVK,32.0,15.7,1.88999998569489,19.9099998474121,15.5200004577637,58.9300003051758,40.0806854100815,3.87419009208679,68.22151,69.5,0.0309477607679684,4173.72,30.3999996185303
2012,SVK,15.0,15.7,1.88999998569489,19.9099998474121,15.5200004577637,58.9300003051758,40.0806854100815,3.87419009208679,68.22151,69.5,0.0309477607679684,4173.72,30.3999996185303
2013,SVK,35.0,15.2,1.75,20.2700004577637,15.6099996566772,59.0400009155273,39.3736483114291,4.08405017852783,69.6236,69.9,0.0187043848731649,4327.56,29.8999996185303
2013,SVK,14.0,15.2,1.75,20.2700004577637,15.6099996566772,59.0400009155273,39.3736483114291,4.08405017852783,69.6236,69.9,0.0187043848731649,4327.56,29.8999996185303
2014,SVK,31.0,14.5,1.8400000333786,19.8600006103516,15.460000038147,58.0800018310547,39.2970049916805,4.23041009902954,67.38261,70.27,0.0146773056263265,4913.28,27.8999996185303
2014,SVK,14.0,14.5,1.8400000333786,19.8600006103516,15.460000038147,58.0800018310547,39.2970049916805,4.23041009902954,67.38261,70.27,0.0146773056263265,4913.28,27.8999996185303
2015,SVK,25.0,13.9,1.86000001430511,19.0900001525879,15.1599998474121,58.1300010681152,39.2787321658833,4.59206008911133,68.0818,70.95,0.0130100382101984,4975.52,27.7999992370605
2015,SVK,13.0,13.9,1.86000001430511,19.0900001525879,15.1599998474121,58.1300010681152,39.2787321658833,4.59206008911133,68.0818,70.95,0.0130100382101984,4975.52,27.7999992370605
2016,SVK,17.0,13.3,1.95000004768372,19.3299999237061,15.4300003051758,58.2400016784668,39.2262895174709,3.91286993026733,55.15012,71.95,0.0121063013208972,5345.6,34.2999992370605
2016,SVK,13.0,13.3,1.95000004768372,19.3299999237061,15.4300003051758,58.2400016784668,39.2262895174709,3.91286993026733,55.15012,71.95,0.0121063013208972,5345.6,34.2999992370605
2017,SVK,13.0,12.8,1.91999995708466,19.2299995422363,15.2600002288818,58.310001373291,39.0806988352745,3.94278001785278,68.39272,72.2,0.0132106777240566,5570.69,30.6000003814697
2017,SVK,15.0,12.8,1.91999995708466,19.2299995422363,15.2600002288818,58.310001373291,39.0806988352745,3.94278001785278,68.39272,72.2,0.0132106777240566,5570.69,30.6000003814697
2018,SVK,12.0,12.3,1.62999999523163,18.8999996185303,14.8199996948242,57.4500007629395,39.2886855241265,3.97256994247437,55.15012,72.46,0.0120476347703202,5080.8,30.3999996185303
2018,SVK,15.0,12.3,1.62999999523163,18.8999996185303,14.8199996948242,57.4500007629395,39.2886855241265,3.97256994247437,55.15012,72.46,0.0120476347703202,5080.8,30.3999996185303
2019,SVK,11.0,11.9,1.74000000953674,19.3099994659424,15.0500001907349,56.8600006103516,39.2054908485857,4.29046010971069,55.15012,72.72,0.00948771266653098,5585.56,33.2999992370605
2019,SVK,13.0,11.9,1.74000000953674,19.3099994659424,15.0500001907349,56.8600006103516,39.2054908485857,4.29046010971069,55.15012,72.72,0.00948771266653098,5585.56,33.2999992370605
2020,SVK,11.0,11.6,1.70000004768372,13.8599996566772,7.01999998092651,55.5699996948242,39.1638935108153,4.6100001335144,55.15012,71.93,0.00778039222773137,5420.07,34.5
2021,SVK,20.48997134670487,24.9676217765043,2.0876790879449056,16.903209147958837,13.449885398405671,61.933324021391336,44.99721226486867,5.212867775072683,63.22732481375358,73.84163323782236,0.24441431549743184,16434.599627507163,31.514326562854137
2000,SVN,20.48997134670487,24.9676217765043,2.0876790879449056,16.903209147958837,13.449885398405671,61.933324021391336,44.99721226486867,5.212867775072683,63.22732481375358,73.84163323782236,0.24441431549743184,16434.599627507163,31.514326562854137
2001,SVN,20.48997134670487,24.9676217765043,2.0876790879449056,16.903209147958837,13.449885398405671,61.933324021391336,44.99721226486867,5.212867775072683,63.22732481375358,73.84163323782236,0.24441431549743184,16434.599627507163,31.514326562854137
2002,SVN,9.0,13.8,1.87000000476837,19.0200004577637,16.25,59.1100006103516,25.0744786494538,5.67286014556885,72.79188,68.5,0.119269616295026,1806.9,37.9000015258789
2003,SVN,20.48997134670487,24.9676217765043,2.0876790879449056,16.903209147958837,13.449885398405671,61.933324021391336,44.99721226486867,5.212867775072683,63.22732481375358,73.84163323782236,0.24441431549743184,16434.599627507163,31.514326562854137
2004,SVN,28.0,13.6,1.67999994754791,17.7900009155273,15.6199998855591,60.2200012207031,24.428997020854,5.64425992965698,71.65714,70.18,0.133570806324468,1901.2,40.0999984741211
2005,SVN,29.0,13.2,1.92999994754791,17.2299995422363,15.1400003433228,60.7999992370605,25.2730883813307,5.60408020019531,72.8223,70.51,0.119059908529291,2338.94,42.0
2006,SVN,29.0,13.1,2.17000007629395,18.6100006103516,16.2000007629395,60.1300010681152,24.3793445878848,5.59066009521484,72.66436,70.83,0.144277773355155,2355.96,42.0
2006,SVN,6.0,13.1,2.17000007629395,18.6100006103516,16.2000007629395,60.1300010681152,24.3793445878848,5.59066009521484,72.66436,70.83,0.144277773355155,2355.96,42.0
2007,SVN,28.0,12.8,1.58000004291534,18.0799999237061,15.8900003433228,58.9300003051758,24.7269116186693,5.11661005020142,71.82096,71.41,0.140178516737993,2723.17,37.5
2008,SVN,27.0,12.3,1.69000005722046,16.5100002288818,14.1199998855591,59.2900009155273,30.7035569983421,5.10951995849609,69.31702,71.85,0.18078687209894,3012.82,43.2999992370605
2009,SVN,29.0,12.1,1.85000002384186,19.0300006866455,16.1900005340576,58.75,31.0297928104121,5.55496978759766,70.89286,71.7,0.1243543849349,3166.36,44.7000007629395
2010,SVN,32.0,11.8,2.08999991416931,19.9799995422363,17.2600002288818,58.1599998474121,30.9666339061461,5.54546022415161,73.20692,71.76,0.147993141948206,3180.34,43.2999992370605
2010,SVN,0.0,11.8,2.08999991416931,19.9799995422363,17.2600002288818,58.1599998474121,30.9666339061461,5.54546022415161,73.20692,71.76,0.147993141948206,3180.34,43.2999992370605
2011,SVN,33.0,11.6,2.05999994277954,19.6700000762939,16.8099994659424,56.3199996948242,30.8056189814355,5.541259765625,69.69487,70.77,0.188644338760518,3619.13,38.9000015258789
2012,SVN,31.0,11.4,1.92999994754791,19.1299991607666,16.2399997711182,55.6399993896484,30.36826717364,5.62023019790649,70.9375,70.89,0.16809217522008,3539.77,40.2999992370605
2013,SVN,30.0,11.1,1.82000005245209,19.6000003814697,16.8799991607666,54.689998626709,30.298411122145,5.4057297706604,71.48248,70.79,0.157268996972867,3545.35,38.5
2014,SVN,30.0,10.9,2.00999999046326,20.7099990844727,18.5699996948242,54.2799987792969,30.5283018867925,5.29169988632202,69.39891,70.99,0.230327538368479,3476.44,36.5
2014,SVN,4.0,10.9,2.00999999046326,20.7099990844727,18.5699996948242,54.2799987792969,30.5283018867925,5.29169988632202,69.39891,70.99,0.230327538368479,3476.44,36.5
2015,SVN,32.0,10.7,2.03999996185303,19.0200004577637,16.5,53.560001373291,30.6062772432556,4.90953016281128,71.01531,71.65,0.240998263099273,3550.52,37.0
2016,SVN,33.0,10.5,1.95000004768372,17.2199993133545,14.1899995803833,52.7299995422363,30.6563399860987,4.79266977310181,55.15012,71.55,0.235164846792788,3396.83,41.7999992370605
2017,SVN,38.0,10.3,2.40000009536743,17.0599994659424,14.5799999237061,54.1100006103516,30.5411136105194,4.78053998947144,68.0215,74.24,0.233472819256906,3458.75,41.9000015258789
2018,SVN,39.0,10.2,2.21000003814697,17.9699993133545,15.1999998092651,55.0099983215332,30.3927216384259,4.93587017059326,55.15012,75.14,0.227195828420356,3352.53,38.2000007629395
2018,SVN,8.0,10.2,2.21000003814697,17.9699993133545,15.1999998092651,55.0099983215332,30.3927216384259,4.93587017059326,55.15012,75.14,0.227195828420356,3352.53,38.2000007629395
2019,SVN,28.0,10.1,1.92999994754791,17.0200004577637,13.6700000762939,53.2200012207031,30.4066268051886,4.9102897644043,55.15012,75.13,0.20558853500864,3700.61,40.5
2020,SVN,20.0,10.1,1.70000004768372,13.8599996566772,7.01999998092651,51.6199989318848,30.3177330605272,5.76000022888184,55.15012,71.93,0.184391195535805,3827.5,40.5999984741211
2021,SVN,20.48997134670487,24.9676217765043,2.0876790879449056,16.903209147958837,13.449885398405671,61.933324021391336,44.99721226486867,5.212867775072683,63.22732481375358,73.84163323782236,0.24441431549743184,16434.599627507163,31.514326562854137
2000,ESP,20.48997134670487,24.9676217765043,2.0876790879449056,16.903209147958837,13.449885398405671,61.933324021391336,44.99721226486867,5.212867775072683,63.22732481375358,73.84163323782236,0.24441431549743184,16434.599627507163,31.514326562854137
2001,ESP,20.48997134670487,24.9676217765043,2.0876790879449056,16.903209147958837,13.449885398405671,61.933324021391336,44.99721226486867,5.212867775072683,63.22732481375358,73.84163323782236,0.24441431549743184,16434.599627507163,31.514326562854137
2002,ESP,17.0,18.2,3.10999989509583,21.1299991607666,18.8400001525879,56.5800018310547,58.9511862776531,4.13457012176514,61.70733,66.39,0.00858910997356028,28112.36,18.1000003814697
2003,ESP,20.48997134670487,24.9676217765043,2.0876790879449056,16.903209147958837,13.449885398405671,61.933324021391336,44.99721226486867,5.212867775072683,63.22732481375358,73.84163323782236,0.24441431549743184,16434.599627507163,31.514326562854137
2004,ESP,20.48997134670487,24.9676217765043,2.0876790879449056,16.903209147958837,13.449885398405671,61.933324021391336,44.99721226486867,5.212867775072683,63.22732481375358,73.84163323782236,0.24441431549743184,16434.599627507163,31.514326562854137
2005,ESP,38.0,18.4,3.04999995231628,20.5400009155273,18.0,62.2200012207031,58.4343505179427,4.14432001113892,62.52421,70.1,0.00388639023204182,35889.85,21.5
2006,ESP,37.0,18.4,3.24000000953674,20.5200004577637,17.7099990844727,62.5999984741211,57.3429796785442,4.1848201751709,62.26401,71.1,0.00802911471145592,39519.17,23.1000003814697
2006,ESP,13.0,18.4,3.24000000953674,20.5200004577637,17.7099990844727,62.5999984741211,57.3429796785442,4.1848201751709,62.26401,71.1,0.00802911471145592,39519.17,23.1000003814697
2007,ESP,36.0,18.5,3.22000002861023,20.4599990844727,17.5100002288818,63.9500007629395,56.1078720121817,4.25404977798462,61.91832,71.77,0.0133141206497538,42124.36,23.7999992370605
2008,ESP,31.0,18.5,3.41000008583069,20.8099994659424,17.5699996948242,65.4899978637695,56.4194065757819,4.52805995941162,61.2149,72.76,0.00596440004056827,44086.73,23.7000007629395
2009,ESP,29.0,18.5,3.58999991416931,20.1100006103516,16.8299999237061,66.4599990844727,56.0903220631292,4.91200017929077,61.21858,73.16,0.00144113616318011,47069.31,24.7000007629395
2010,ESP,24.0,18.5,3.48000001907349,20.1800003051758,16.6800003051758,65.7600021362305,55.0888982220356,4.85608005523682,61.2512,73.63,0.00923298136853811,49030.56,27.1000003814697
2010,ESP,13.0,18.5,3.48000001907349,20.1800003051758,16.6800003051758,65.7600021362305,55.0888982220356,4.85608005523682,61.2512,73.63,0.00923298136853811,49030.56,27.1000003814697
2011,ESP,23.0,18.5,3.26999998092651,19.8099994659424,16.3899993896484,65.8300018310547,54.0409698327599,4.8969202041626,60.56148,73.95,0.0136710136275687,52080.18,28.1000003814697
2012,ESP,23.0,18.4,3.38000011444092,21.1200008392334,17.2999992370605,66.2099990844727,53.8613782211471,4.4693398475647,60.16973,74.29,0.0199804857134865,54354.19,28.7999992370605
2013,ESP,24.0,18.4,3.34999990463257,21.8799991607666,17.8600006103516,65.2900009155273,53.4439535395134,4.35101985931396,59.50481,74.29,0.0168037236322344,54309.2,29.3999996185303
2014,ESP,28.0,18.4,3.47000002861023,21.4599990844727,17.5900001525879,64.9300003051758,53.1336838527818,4.30338001251221,59.35112,74.22,0.0138340410482743,55517.81,29.5
2014,ESP,11.0,18.4,3.47000002861023,21.4599990844727,17.5900001525879,64.9300003051758,53.1336838527818,4.30338001251221,59.35112,74.22,0.0138340410482743,55517.81,29.5
2015,ESP,26.0,18.3,3.28999996185303,20.9799995422363,17.2800006866455,63.9199981689453,53.1890621841609,4.28657007217407,59.23833,74.38,0.00840847277330245,54666.17,30.3999996185303
2016,ESP,25.0,18.2,3.39000010490417,20.4500007629395,16.9400005340576,63.3499984741211,52.5772473596977,4.22764015197754,58.83367,74.38,0.00711029746105552,55081.89,30.2999992370605
2017,ESP,24.0,18.1,3.36999988555908,20.0599994659424,16.4899997711182,62.25,52.6387138276281,4.20777988433838,59.05052,74.16,0.0137045789674059,55118.66,30.8999996185303
2018,ESP,26.0,18.1,3.42000007629395,19.4099998474121,15.9700002670288,61.3800010681152,52.408209711446,4.18157005310059,55.15012,74.06,0.0171947774440805,56322.49,31.8999996185303
2018,ESP,8.0,18.1,3.42000007629395,19.4099998474121,15.9700002670288,61.3800010681152,52.408209711446,4.18157005310059,55.15012,74.06,0.0171947774440805,56322.49,31.8999996185303
2019,ESP,23.0,18.0,3.1800000667572,18.9599990844727,15.6800003051758,60.4500007629395,52.4584917258728,4.23408985137939,55.15012,74.17,0.009815813424701,58751.47,33.7000007629395
2020,ESP,20.0,17.9,1.70000004768372,13.8599996566772,7.01999998092651,58.1800003051758,52.3316792232841,4.59000015258789,55.15012,71.93,0.00852689844298268,65638.38,36.5
2020,ESP,8.0,17.9,1.70000004768372,13.8599996566772,7.01999998092651,58.1800003051758,52.3316792232841,4.59000015258789,55.15012,71.93,0.00852689844298268,65638.38,36.5
2021,ESP,20.48997134670487,24.9676217765043,2.0876790879449056,16.903209147958837,13.449885398405671,61.933324021391336,44.99721226486867,5.212867775072683,63.22732481375358,73.84163323782236,0.24441431549743184,16434.599627507163,31.514326562854137
